desc,title,link
" , ",        About       ,/docs/en/about.html
" , ",   Become an Editor ,/docs/en/help/become.html
" , ",            Suggest a Site          ,/docs/en/add.html
" , ", Help             ,/docs/en/help/helpmain.html
" , ", Login                       ,/editors/
"                                        , Share via Facebook ",,
" ,  Share via Twitter  ",,
"                                        , Share via LinkedIn ",,
"                                        , Share via e-Mail   ",,
" , ",,
" ,  ",,
" , ",        About       ,/docs/en/about.html
" , ",   Become an Editor ,/docs/en/help/become.html
" , ",            Suggest a Site          ,/docs/en/add.html
" , ", Help             ,/docs/en/help/helpmain.html
" , ", Login                       ,/editors/
"                                        , Share via Facebook ",,
" ,  Share via Twitter  ",,
"                                        , Share via LinkedIn ",,
"                                        , Share via e-Mail   ",,
" , ",,
" ,  ",,
pay_play,comment,shop_id,shop_charge,shop_phone1,shop_service,mean_price,shop_time,shop_type,shop_address,shop_stars,shop_sorce,channel_type,create_time,shop_poi,shop_name,shop_phone,shop_park,shop_info,shop_img_address
, ,68041635,,,,人均：29元,营业时间：尚无营业时间,成都餐厅>府南新区>小吃快餐>冒菜,石人西街33号,mid-str35,口味：7.3 环境：7.3 服务：7.3,2,,30.67381 104.02415,杨大姐冒菜,电话： 15198006993,,,308e7261a132fed9e0522f4ece976adc24209.jpg%40240w_180h_1e_1c_1l%7Cwatermark%3D1%26%26r%3D1%26p%3D9%26x%3D5%26y%3D5%26relative%3D1
mean_price,shop_service,shop_type,shop_img_address,shop_poi,shop_id,channel_type,shop_info,shop_address,shop_phone,shop_charge,shop_stars,create_time,pay_play,comment,shop_phone1,shop_time,shop_sorce,shop_name,shop_park
人均：29元,,成都餐厅>府南新区>小吃快餐>冒菜,308e7261a132fed9e0522f4ece976adc24209.jpg%40240w_180h_1e_1c_1l%7Cwatermark%3D1%26%26r%3D1%26p%3D9%26x%3D5%26y%3D5%26relative%3D1,30.67381 104.02415,68041635,2,,石人西街33号,电话： 15198006993,,mid-str35,,, ,,营业时间：尚无营业时间,口味：7.3 环境：7.3 服务：7.3,杨大姐冒菜,
人均：-,,成都休闲娱乐>府南新区>酒吧,b77cbad84e9884eac1ea7b41f1f34d7147512.pic%40240w_180h_1e_1c_1l%7Cwatermark%3D1%26%26r%3D1%26p%3D9%26x%3D5%26y%3D5%26relative%3D1,30.67153 104.0042,32706715,2,,贝森北路1号西村大院5号楼215-1,电话： 028-86148198,,mid-str35,,, ,,营业时间：10:00-02:00周一至周日,口味：7.7 环境：7.8 服务：7.5,壹九吧,
人均：-,,成都餐厅>郫县其他>私房菜,F1Hun5iNPoMTTSSi_MDy0oYtHaDWBR3jeTWCCuNS1TBfsSB8dID3EOPFwKX6BTlv52lfszCzH6kCpIe1c2_41Q.jpg,30.75149 104.04619,66809660,2,,土柏路茶物语旁,电话： 028-83422693 15928727246,,mid-str0,,, ,,营业时间：尚无营业时间,口味：0.0 环境：0.0 服务：0.0,宏味轩私家菜,
人均：25元,,成都餐厅>武侯区>小吃快餐>快餐简餐,682b78057bbe7ad238b3b47bf3952985298427.jpg%40240w_180h_1e_1c_1l%7Cwatermark%3D1%26%26r%3D1%26p%3D9%26x%3D5%26y%3D5%26relative%3D1,30.54045 104.05904,59216937,2,,益州大道1999号(天府四街),电话： 028-86116559,,mid-str50,,, ,,营业时间：11:00-21:30周一至周日,口味：9.0 环境：9.1 服务：9.1,席罐罐罐饭(银泰城店),
shop_charge,mean_price,shop_address,shop_time,shop_info,pay_play,shop_img_address,shop_phone,shop_service,shop_sorce,shop_poi,comment,channel_type,shop_stars,shop_name,create_time,shop_park,shop_type,shop_phone1,shop_id
,人均：29元,石人西街33号,营业时间：尚无营业时间,,,308e7261a132fed9e0522f4ece976adc24209.jpg%40240w_180h_1e_1c_1l%7Cwatermark%3D1%26%26r%3D1%26p%3D9%26x%3D5%26y%3D5%26relative%3D1,电话： 15198006993,,口味：7.3 环境：7.3 服务：7.3,30.67381 104.02415,",口味：4,环境：4,服务：4,10-10,杨大姐冒菜",2,mid-str35,杨大姐冒菜,,,成都餐厅>府南新区>小吃快餐>冒菜,,68041635
,人均：-,贝森北路1号西村大院5号楼215-1,营业时间：10:00-02:00周一至周日,,,b77cbad84e9884eac1ea7b41f1f34d7147512.pic%40240w_180h_1e_1c_1l%7Cwatermark%3D1%26%26r%3D1%26p%3D9%26x%3D5%26y%3D5%26relative%3D1,电话： 028-86148198,,口味：7.7 环境：7.8 服务：7.5,30.67153 104.0042,",口味：4,环境：4,服务：4,11-20,壹九吧,签到点评,11-20 01:48:05",2,mid-str35,壹九吧,,,成都休闲娱乐>府南新区>酒吧,,32706715
,人均：25元,益州大道1999号(天府四街),营业时间：11:00-21:30周一至周日,,,682b78057bbe7ad238b3b47bf3952985298427.jpg%40240w_180h_1e_1c_1l%7Cwatermark%3D1%26%26r%3D1%26p%3D9%26x%3D5%26y%3D5%26relative%3D1,电话： 028-86116559,,口味：9.0 环境：9.1 服务：9.1,30.54045 104.05904,"回头客(7),上菜快(7),牛肉赞(9),主食赞(11),分量足(8),菜品不错(9),味道赞(46),环境优雅(19),服务热情(79),价格实惠(7)",2,mid-str50,席罐罐罐饭(银泰城店),,,成都餐厅>武侯区>小吃快餐>快餐简餐,,59216937
,人均：-,土柏路茶物语旁,营业时间：尚无营业时间,,,F1Hun5iNPoMTTSSi_MDy0oYtHaDWBR3jeTWCCuNS1TBfsSB8dID3EOPFwKX6BTlv52lfszCzH6kCpIe1c2_41Q.jpg,电话： 028-83422693 15928727246,,口味：0.0 环境：0.0 服务：0.0,30.75149 104.04619, ,2,mid-str0,宏味轩私家菜,,,成都餐厅>郫县其他>私房菜,,66809660
